username,email
test2,test2@gmail.com
test3,test3@gmail.com
test4,test4@gmail.com
test5,test5@gmail.com
test6,test6@gmail.com
test7,test7@gmail.com
test8,test8@gmail.com
test9,test9@gmail.com
test10,test10@gmail.com
test11,test11@gmail.com
test12,test12@gmail.com
test13,test13@gmail.com
test14,test14@gmail.com
test15,test15@gmail.com
test16,test16@gmail.com
test17,test17@gmail.com
test18,test18@gmail.com
test19,test19@gmail.com
test20,test20@gmail.com
test21,test21@gmail.com
test22,test22@gmail.com
test23,test23@gmail.com
test24,test24@gmail.com
test25,test25@gmail.com
test26,test26@gmail.com
test27,test27@gmail.com
